regularization,baseline_mean,treatment_mean,difference,percent_change,t_statistic,p_value,cohens_d,significant
0.0001,53.53763440860215,53.01020408163265,-0.5274303269695011,-0.985158072065949,0.10418914616504525,0.9171297265745544,-0.015072150971621933,No
0.0005,53.53763440860215,55.54022988505747,2.002595476455319,3.7405378451565507,-0.3601732743081772,0.7191445658487885,0.05365458917327555,No
0.001,53.53763440860215,68.3076923076923,14.770057899090155,27.588178040076006,-2.688002801314116,0.007907337349992478,0.4128558768329328,Yes
