regularization,baseline_mean,treatment_mean,difference,percent_change,t_statistic,p_value,cohens_d,significant
0.0001,53.53763440860215,54.24,0.7023655913978502,1.311910022092791,-0.13134349494297937,0.8956418303010929,0.01894234327645681,No
0.0005,53.53763440860215,58.666666666666664,5.1290322580645125,9.580236995380591,-0.9786266907806283,0.3290088773174349,0.14136554510845387,No
0.001,53.53763440860215,54.760416666666664,1.2227822580645125,2.283967664189589,-0.23831419481182695,0.811898352991752,0.034663676686693304,No
