regularization,baseline_mean,treatment_mean,difference,percent_change,t_statistic,p_value,cohens_d,significant
0.01,56.405660377358494,64.46913580246914,8.063475425110646,14.295507527374617,-1.884463085128835,0.059907773105114595,0.22298746569581013,No
