regularization,baseline_mean,treatment_mean,difference,percent_change,t_statistic,p_value,cohens_d,significant
0.0001,56.542669584245075,53.354166666666664,-3.188502917578411,-5.6391092621259045,0.7920549218709366,0.4286695103191275,-0.09045438984873773,No
0.0005,56.542669584245075,55.54022988505747,-1.0024396991876046,-1.77289064446105,0.23428117335023374,0.8148551717878699,-0.02677213967682558,No
0.001,56.542669584245075,68.85714285714286,12.314473272897786,21.77908005307387,-2.7706788132983755,0.005789598293820631,0.34349832985195294,Yes
