regularization,baseline_mean,treatment_mean,difference,percent_change,t_statistic,p_value,cohens_d,significant
0.0001,58.68677494199536,54.22105263157895,-4.46572231041641,-7.609418501579318,1.0696567977768685,0.28526629330045233,-0.1195086207550066,No
0.0005,58.68677494199536,56.645833333333336,-2.040941608662024,-3.47768574892596,0.49805389735422034,0.6186546177454624,-0.056830493607324194,No
0.001,58.68677494199536,54.873684210526314,-3.813090731469046,-6.497359473642598,0.9287005866032219,0.35347187350318954,-0.10690475048660282,No
