regularization,baseline_mean,treatment_mean,difference,percent_change,t_statistic,p_value,cohens_d,significant
0.01,57.09148264984227,62.27906976744186,5.187587117599591,9.086446658631179,-1.2256233531849765,0.2207423062328814,0.14428252497031954,No
