regularization,baseline_mean,treatment_mean,difference,percent_change,t_statistic,p_value,cohens_d,significant
0.0001,56.75757575757576,51.322916666666664,-5.4346590909090935,-9.575213561131878,1.3396515922305714,0.18090593549420186,-0.1580006160437941,No
0.0005,56.75757575757576,58.10588235294118,1.3483065953654219,2.3755535316101932,-0.3043952400346947,0.7609429861616106,0.034948453464913674,No
0.001,56.75757575757576,70.96103896103897,14.203463203463208,25.024788345663957,-3.1313992937206434,0.0018344952673412585,0.3910005939997572,Yes
