regularization,baseline_mean,treatment_mean,difference,percent_change,t_statistic,p_value,cohens_d,significant
0.0001,58.62586605080831,55.739583333333336,-2.8862827174749768,-4.92322401680782,0.7002922583160298,0.484053839938026,-0.07774882642893109,No
0.0005,58.62586605080831,56.252631578947366,-2.373234471860947,-4.048101344556983,0.5787229203075768,0.5630238646275407,-0.06557827191023141,No
0.001,58.62586605080831,57.0,-1.6258660508083125,-2.7732913137679707,0.39135234493392185,0.6956949920474826,-0.04288185634561965,No
