regularization,baseline_mean,treatment_mean,difference,percent_change,t_statistic,p_value,cohens_d,significant
0.0001,54.43019943019943,52.22222222222222,-2.2079772079772084,-4.0565297042659,0.5338316343027532,0.5937282185595308,-0.06528156388245436,No
0.0005,54.43019943019943,57.54320987654321,3.113010446343779,5.71927069702521,-0.6938147854409922,0.48817299754057086,0.08322973083090482,No
0.001,54.43019943019943,72.06756756756756,17.637368137368135,32.403644157111835,-3.853087204992746,0.00013472550916222874,0.4930368053050281,Yes
