regularization,baseline_mean,treatment_mean,difference,percent_change,t_statistic,p_value,cohens_d,significant
0.0001,57.006198347107436,53.01020408163265,-3.995994265474785,-7.00975399401905,1.010129510410054,0.3128544576372716,-0.11399719478799927,No
0.0005,57.006198347107436,55.54022988505747,-1.4659684620499647,-2.5715948520611174,0.34537723805010817,0.7299384293379226,-0.03921813341965312,No
0.001,57.006198347107436,68.3076923076923,11.301493960584871,19.825026555482143,-2.5741903017700625,0.01030333924824317,0.3153866216316262,Yes
