regularization,baseline_mean,treatment_mean,difference,percent_change,t_statistic,p_value,cohens_d,significant
0.0001,58.533185840707965,54.24,-4.293185840707963,-7.334618437464562,1.06646074610684,0.28668332211931974,-0.115627005702609,No
0.0005,58.533185840707965,58.666666666666664,0.13348082595869926,0.22804298799309092,-0.03328731419944098,0.9734575683486035,0.003673752821781817,No
0.001,58.533185840707965,54.760416666666664,-3.7727691740413007,-6.445521664083864,0.9381352069307998,0.34858972468088467,-0.1067905875500475,No
