regularization,baseline_mean,treatment_mean,difference,percent_change,t_statistic,p_value,cohens_d,significant
0.0001,57.93154761904762,55.2,-2.7315476190476176,-4.715129720010272,0.6320246107546995,0.5277114278546023,-0.07479834111797594,No
0.0005,57.93154761904762,56.63855421686747,-1.2929934021801515,-2.2319331268046794,0.28926886539009755,0.7725193954782551,-0.0352640578365896,No
0.001,57.93154761904762,53.62068965517241,-4.310857963875208,-7.441296048610685,1.0004593641495092,0.3176629281470725,-0.12296439626103961,No
